59,93,43,1,0.0542
35,35,93,1,0.0390
16,16,77,-1,-0.0043
77,63,69,1,0.0759
84,53,80,1,0.0608
73,80,62,1,0.0632
48,29,48,1,0.0659
52,65,29,1,0.0600
96,31,14,-1,-0.0182
36,80,18,1,0.0222
19,47,44,1,0.0460
18,30,43,1,0.0240
28,52,18,1,0.0215
91,40,29,1,0.0248
32,54,87,1,0.0828
22,59,58,1,0.0634
30,23,44,1,0.0241
69,92,36,1,0.0499
39,18,58,1,0.0436
48,19,53,1,0.0522
42,65,31,1,0.0495
81,25,67,1,0.0643
85,99,10,-1,-0.0250
16,56,52,1,0.0583
24,61,99,-1,-0.0126
76,19,42,1,0.0562
95,17,37,1,0.0048
89,100,98,-1,-0.0568
42,27,12,1,0.0031
51,11,57,1,0.0286
23,72,91,1,0.0207
25,96,96,-1,-0.0474
36,15,76,1,0.0407
76,40,37,1,0.0604
26,67,98,-1,-0.0206
32,92,77,1,0.0193
46,13,24,1,0.0002
64,68,36,1,0.0502
80,85,89,1,0.0498
73,47,41,1,0.0722
73,94,43,1,0.0444
55,62,21,1,0.0430
21,27,16,-1,-0.0183
83,31,18,1,0.0368
33,47,100,1,0.0090
94,39,58,1,0.0246
90,19,90,1,0.0107
89,100,72,-1,-0.0224
55,65,79,1,0.0898
20,89,74,1,0.0009
39,12,81,1,0.0284
29,27,43,1,0.0324
49,45,87,1,0.0996
46,68,83,1,0.0742
14,22,97,-1,-0.0429
36,78,23,1,0.0249
10,47,75,1,0.0460
84,78,83,1,0.0508
92,64,56,1,0.0444
66,95,32,1,0.0354
12,27,30,-1,-0.0182
19,53,31,1,0.0377
96,36,85,1,0.0103
81,93,71,1,0.0307
67,42,81,1,0.0895
86,29,23,1,0.0246
54,61,96,1,0.0435
96,52,82,1,0.0313
76,34,76,1,0.0787
48,22,34,1,0.0378
54,16,38,1,0.0321
88,91,26,1,0.0321
28,67,50,1,0.0514
49,65,15,1,0.0264
83,95,30,1,0.0219
91,32,78,1,0.0423
55,21,68,1,0.0529
97,95,18,1,0.0038
58,31,51,1,0.0718
40,33,66,1,0.0721
48,41,41,1,0.0758
31,29,17,-1,-0.0048
77,34,28,1,0.0588
31,47,59,1,0.0815
36,10,75,1,0.0209
66,81,96,1,0.0327
40,50,63,1,0.1006
44,83,15,1,0.0254
36,65,45,1,0.0632
10,90,49,1,0.0110
24,32,55,1,0.0524
66,21,53,1,0.0565
35,10,75,1,0.0169
49,87,84,1,0.0550
46,52,89,1,0.0928
81,63,77,1,0.0722
18,60,97,-1,-0.0062
96,90,43,1,0.0134
68,73,78,1,0.0657
40,45,42,1,0.0668
99,100,72,-1,-0.0486
79,12,13,-1,-0.0120
20,19,50,1,0.0013
92,45,63,1,0.0422
46,81,32,1,0.0516
72,80,87,1,0.0566
67,70,96,1,0.0349
99,72,13,-1,-0.0060
10,60,56,1,0.0229
37,30,14,1,0.0000
25,42,14,1,0.0007
86,98,44,1,0.0109
97,36,14,-1,-0.0215
57,37,54,1,0.0899
95,30,86,1,0.0160
13,76,64,1,0.0031
90,78,59,1,0.0445
24,67,29,1,0.0280
54,69,26,1,0.0572
84,80,61,1,0.0465
12,45,11,-1,-0.0588
88,27,47,1,0.0580
60,49,44,1,0.0808
65,19,15,1,0.0114
73,83,91,1,0.0573
28,97,42,1,0.0240
35,34,99,1,0.0156
57,36,42,1,0.0706
30,98,30,1,0.0166
20,85,20,-1,-0.0035
95,36,18,1,0.0028
73,54,10,-1,-0.0033
93,80,27,1,0.0235
34,98,91,-1,-0.0264
100,50,11,-1,-0.0327
25,72,34,1,0.0246
31,99,97,-1,-0.0605
33,45,53,1,0.0829
85,23,75,1,0.0502
43,14,94,1,0.0229
84,61,40,1,0.0485
66,92,36,1,0.0468
26,98,94,-1,-0.0522
81,82,65,1,0.0529
54,42,14,1,0.0331
12,21,67,-1,-0.0163
32,98,36,1,0.0156
27,69,68,1,0.0338
40,45,28,1,0.0555
63,62,100,1,0.0163
21,63,78,1,0.0535
100,28,32,-1,-0.0037
29,67,82,1,0.0346
15,41,33,1,0.0150
98,34,15,-1,-0.0298
47,84,52,1,0.0688
34,57,81,1,0.0794
90,31,87,1,0.0418
81,71,40,1,0.0588
80,32,84,1,0.0676
33,29,75,1,0.0604
32,32,66,1,0.0568
24,79,10,-1,-0.0313
59,81,95,1,0.0388
100,79,95,-1,-0.0215
84,47,18,1,0.0353
74,68,71,1,0.0729
34,99,36,1,0.0115
54,89,58,1,0.0638
54,45,99,1,0.0389
57,43,44,1,0.0887
34,76,41,1,0.0474
73,76,48,1,0.0810
92,97,43,1,0.0033
49,20,57,1,0.0552
21,77,14,-1,-0.0141
94,91,62,1,0.0086
68,62,81,1,0.0836
58,56,18,1,0.0437
13,22,80,-1,-0.0126
23,85,42,1,0.0339
19,41,42,1,0.0415
13,41,31,1,0.0072
68,35,76,1,0.0832
58,18,27,1,0.0337
80,92,38,1,0.0477
42,82,65,1,0.0601
14,57,91,1,0.0189
100,39,73,1,0.0122
70,37,76,1,0.0846
97,26,12,-1,-0.0359
99,10,20,-1,-0.0500
38,61,46,1,0.0757
81,59,38,1,0.0616
88,47,17,1,0.0178
21,15,52,1,0.0019
18,21,49,-1,-0.0007
82,77,49,1,0.0613
25,53,55,1,0.0800
90,97,32,1,0.0080
13,39,33,1,0.0046
96,57,84,1,0.0305
66,52,68,1,0.0937
23,59,46,1,0.0618
19,46,39,1,0.0404
60,77,82,1,0.0702
61,82,63,1,0.0667
99,43,41,1,0.0167
35,90,87,1,0.0159
69,67,11,1,0.0127
93,24,25,1,0.0113
50,66,90,1,0.0692
87,30,62,1,0.0533
33,83,73,1,0.0416
86,37,47,1,0.0568
78,54,94,1,0.0503
45,19,36,1,0.0344
58,70,39,1,0.0654
21,98,84,-1,-0.0399
60,60,28,1,0.0527
40,60,14,1,0.0212
81,45,63,1,0.0751
39,76,85,1,0.0470
59,79,41,1,0.0606
59,77,43,1,0.0670
16,39,84,1,0.0348
29,99,20,-1,-0.0064
13,24,47,-1,-0.0083
57,32,60,1,0.0736
10,10,13,-1,-0.0857
19,26,44,1,0.0178
92,42,88,1,0.0214
28,31,57,1,0.0503
25,42,30,1,0.0439
16,42,90,1,0.0385
30,17,78,1,0.0198
34,53,35,1,0.0517
30,84,26,1,0.0344
61,28,93,1,0.0505
14,43,87,1,0.0298
50,38,99,1,0.0332
22,10,84,-1,-0.0147
64,62,58,1,0.0884
63,56,92,1,0.0716
20,68,10,-1,-0.0312
20,93,67,-1,-0.0043
78,18,44,1,0.0500
78,26,46,1,0.0638
71,37,17,1,0.0437
27,79,72,1,0.0299
64,60,32,1,0.0549
18,29,100,-1,-0.0222
90,58,86,1,0.0525
87,15,99,-1,-0.0191
53,13,30,1,0.0183
95,90,43,1,0.0162
70,35,73,1,0.0866
43,82,51,1,0.0639
83,46,94,1,0.0434
77,72,55,1,0.0637
53,31,92,1,0.0548
68,98,95,-1,-0.0249
64,88,23,1,0.0466
29,94,10,-1,-0.0220
82,61,42,1,0.0616
63,34,76,1,0.0840
98,92,40,1,0.0097
99,67,34,1,0.0093
65,43,25,1,0.0653
53,82,55,1,0.0718
27,62,89,1,0.0442
44,32,29,1,0.0434
83,37,33,1,0.0532
51,74,46,1,0.0829
99,49,37,1,0.0166
41,55,22,1,0.0374
57,33,89,1,0.0691
75,37,68,1,0.0772
57,78,47,1,0.0831
68,42,27,1,0.0650
11,54,97,-1,-0.0083
100,59,23,1,0.0067
72,83,83,1,0.0525
52,72,71,1,0.0802
56,48,59,1,0.1077
52,73,99,1,0.0132
36,10,69,1,0.0119
62,10,29,1,0.0106
54,53,59,1,0.1041
96,42,60,1,0.0256
66,55,48,1,0.0925
73,19,54,1,0.0590
60,84,62,1,0.0645
87,55,94,1,0.0427
60,86,47,1,0.0691
61,61,36,1,0.0547
59,67,88,1,0.0702
92,34,65,1,0.0383
51,89,44,1,0.0710
10,25,90,-1,-0.0093
31,52,66,1,0.0842
71,93,99,-1,-0.0074
69,37,26,1,0.0675
26,60,55,1,0.0605
25,34,51,1,0.0590
56,60,88,1,0.0865
31,43,74,1,0.0918
33,57,22,1,0.0252
35,33,95,1,0.0242
65,20,80,1,0.0546
83,41,16,1,0.0365
89,67,54,1,0.0540
54,51,19,1,0.0426
86,55,24,1,0.0382
21,34,60,1,0.0561
30,10,25,-1,-0.0150
71,87,23,1,0.0552
84,35,36,1,0.0431
87,71,26,1,0.0358
77,43,69,1,0.0887
86,96,59,1,0.0060
34,42,39,1,0.0562
57,43,15,1,0.0341
95,49,75,1,0.0520
53,28,56,1,0.0735
47,14,77,1,0.0460
18,46,23,1,0.0089
54,36,84,1,0.0805
48,85,81,1,0.0615
33,38,25,1,0.0448
43,60,46,1,0.0837
32,81,47,1,0.0463
51,43,87,1,0.0997
20,26,100,-1,-0.0227
75,38,70,1,0.0787
55,44,92,1,0.0755
25,41,52,1,0.0699
16,90,50,1,0.0210
15,17,48,-1,-0.0141
87,47,15,1,0.0127
19,89,16,-1,-0.0211
36,16,23,-1,-0.0018
12,83,60,-1,-0.0019
56,70,37,1,0.0595
33,14,84,1,0.0204
93,35,30,1,0.0173
32,47,53,1,0.0824
87,71,54,1,0.0546
90,89,96,-1,-0.0025
15,44,28,1,0.0130
53,94,88,1,0.0318
28,79,78,1,0.0265
46,71,41,1,0.0592
55,60,91,1,0.0774
29,68,75,1,0.0497
21,72,27,1,0.0203
60,56,60,1,0.0925
32,25,74,1,0.0623
78,87,73,1,0.0458
59,68,79,1,0.0776
33,32,79,1,0.0591
44,99,44,1,0.0247
60,84,38,1,0.0553
13,62,17,-1,-0.0324
20,90,41,1,0.0248
64,66,46,1,0.0756
50,29,100,1,0.0230
20,13,57,-1,-0.0046
73,58,45,1,0.0859
69,21,61,1,0.0598
31,22,29,1,0.0123
90,91,61,1,0.0254
15,28,30,-1,-0.0034
79,13,18,1,0.0024
55,15,73,1,0.0496
83,58,28,1,0.0502
32,52,100,1,0.0118
93,33,88,1,0.0161
28,34,90,1,0.0386
95,21,94,-1,-0.0216
88,95,36,1,0.0230
62,66,27,1,0.0495
93,31,10,-1,-0.0333
94,51,100,-1,-0.0213
43,56,81,1,0.1040
10,76,10,-1,-0.0568
94,69,42,1,0.0312
54,94,36,1,0.0507
55,73,24,1,0.0507
87,13,21,-1,-0.0081
75,10,55,1,0.0332
43,67,73,1,0.0808
34,76,51,1,0.0480
90,14,24,-1,-0.0048
87,52,34,1,0.0424
92,54,17,1,0.0086
72,90,14,1,0.0445
85,87,88,1,0.0303
73,20,50,1,0.0665
23,25,17,-1,-0.0163
16,98,11,-1,-0.0421
18,86,80,-1,-0.0093
10,70,15,-1,-0.0375
55,28,24,1,0.0383
96,65,29,1,0.0131
47,100,79,-1,-0.0081
35,80,51,1,0.0448
90,88,56,1,0.0349
89,100,86,-1,-0.0302
77,13,67,1,0.0357
50,76,79,1,0.0753
29,47,20,1,0.0227
92,73,37,1,0.0234
21,34,28,1,0.0333
76,71,23,1,0.0444
62,23,79,1,0.0675
24,20,71,1,0.0175
72,11,32,1,0.0255
37,57,95,1,0.0354
52,37,40,1,0.0709
32,20,32,1,0.0178
71,27,14,1,0.0254
36,75,87,1,0.0469
86,30,83,1,0.0545
33,65,18,1,0.0142
43,76,89,1,0.0590
38,25,47,1,0.0554
13,41,73,1,0.0399
85,73,40,1,0.0470
56,54,17,1,0.0361
26,85,50,1,0.0343
72,92,97,1,0.0079
47,23,13,1,0.0046
26,12,19,-1,-0.0363
67,16,59,1,0.0464
52,21,22,1,0.0169
32,78,71,1,0.0438
37,26,62,1,0.0615
53,78,66,1,0.0779
12,77,27,-1,-0.0106
58,66,76,1,0.0894
46,83,67,1,0.0631
76,15,56,1,0.0498
53,41,48,1,0.0983
95,71,92,1,0.0150
86,12,70,1,0.0174
29,38,34,1,0.0420
29,61,57,1,0.0652
57,88,92,1,0.0506
89,18,33,1,0.0266
94,58,20,1,0.0199
49,79,70,1,0.0761
41,37,26,1,0.0580
54,96,41,1,0.0466
20,87,33,1,0.0192
26,28,50,1,0.0391
68,89,21,1,0.0461
85,36,57,1,0.0594
39,41,53,1,0.0914
54,58,69,1,0.1010
26,45,24,1,0.0355
10,82,71,-1,-0.0083
73,82,78,1,0.0583
63,74,11,1,0.0131
95,82,68,1,0.0178
39,50,74,1,0.1105
16,78,36,1,0.0135
79,83,23,1,0.0510
25,50,17,1,0.0083
66,41,94,1,0.0500
72,48,91,1,0.0722
80,13,40,1,0.0292
10,11,48,-1,-0.0480
38,69,50,1,0.0594
46,21,100,1,0.0153
27,73,52,1,0.0306
42,85,40,1,0.0609
69,35,65,1,0.0913
65,12,49,1,0.0298
67,68,87,1,0.0734
29,88,55,1,0.0284
41,91,90,1,0.0274
11,53,43,1,0.0294
28,88,78,1,0.0102
82,40,17,1,0.0364
96,20,51,1,0.0129
80,39,15,1,0.0404
31,98,72,-1,-0.0109
45,12,45,1,0.0287
60,41,91,1,0.0701
71,14,64,1,0.0452
33,18,18,-1,-0.0077
98,56,23,1,0.0104
64,46,30,1,0.0609
40,59,83,1,0.0851
10,40,48,1,0.0247
91,38,54,1,0.0407
33,91,93,1,0.0029
63,13,50,1,0.0312
56,44,83,1,0.0978
91,18,100,-1,-0.0375
12,19,33,-1,-0.0339
19,23,41,-1,-0.0089
29,59,77,1,0.0730
30,96,37,1,0.0256
19,70,52,1,0.0333
88,100,76,-1,-0.0227
20,83,24,1,0.0135
38,79,53,1,0.0456
95,30,63,1,0.0252
32,18,41,1,0.0131
39,22,23,1,0.0183
13,74,53,1,0.0035
47,96,28,1,0.0303
62,84,94,1,0.0439
60,14,98,1,0.0025
32,83,76,1,0.0402
16,55,15,-1,-0.0153
33,80,15,1,0.0038
93,25,34,1,0.0185
93,92,21,1,0.0153
49,79,33,1,0.0567
45,40,91,1,0.0655
56,13,65,1,0.0295
71,54,81,1,0.0839
50,79,61,1,0.0753
62,43,14,1,0.0292
30,36,75,1,0.0731
10,24,83,-1,-0.0035
80,89,80,1,0.0395
77,76,86,1,0.0625
86,94,59,1,0.0238
97,40,100,-1,-0.0432
63,37,10,-1,-0.0076
26,99,60,-1,-0.0155
95,52,33,1,0.0298
67,41,73,1,0.0993
31,91,100,-1,-0.0429
84,95,38,1,0.0253
64,59,44,1,0.0798
34,99,96,-1,-0.0495
61,10,55,1,0.0263
82,23,73,1,0.0589
21,75,51,1,0.0322
38,35,74,1,0.0894
22,67,53,1,0.0419
67,15,38,1,0.0352
65,53,79,1,0.0915
19,76,48,1,0.0357
40,55,10,-1,-0.0052
57,32,29,1,0.0497
95,85,27,1,0.0214
81,60,90,1,0.0647
79,78,54,1,0.0577
17,28,40,1,0.0058
47,78,75,1,0.0812
41,34,37,1,0.0535
96,43,57,1,0.0287
29,18,48,1,0.0167
59,83,99,1,0.0090
30,56,22,1,0.0268
84,100,78,-1,-0.0273
97,10,63,-1,-0.0317
23,39,57,1,0.0679
94,81,87,1,0.0121
35,89,59,1,0.0301
74,65,93,1,0.0601
93,57,55,1,0.0494
60,68,92,1,0.0616
51,26,82,1,0.0787
35,34,52,1,0.0681
38,33,73,1,0.0806
12,97,35,-1,-0.0067
68,72,23,1,0.0426
62,18,69,1,0.0467
27,96,89,-1,-0.0266
49,97,17,1,0.0187
98,89,11,-1,-0.0148
38,46,33,1,0.0534
68,11,67,1,0.0296
52,28,80,1,0.0758
11,44,68,1,0.0353
12,41,25,-1,-0.0037
36,85,54,1,0.0397
53,98,10,-1,-0.0124
44,24,30,1,0.0385
57,24,96,1,0.0413
53,63,76,1,0.1059
95,95,82,-1,-0.0134
33,68,52,1,0.0494
55,21,18,1,0.0141
89,81,22,1,0.0328
57,27,67,1,0.0716
77,26,94,1,0.0436
27,25,12,-1,-0.0250
43,52,59,1,0.0936
91,95,81,1,0.0020
49,51,96,1,0.0586
73,17,22,1,0.0233
41,13,78,1,0.0376
76,76,57,1,0.0651
67,78,22,1,0.0415
19,77,34,1,0.0151
46,75,43,1,0.0680
73,70,61,1,0.0689
13,22,33,-1,-0.0285
47,68,49,1,0.0817
99,26,88,-1,-0.0125
51,81,30,1,0.0566
86,66,30,1,0.0320
72,36,48,1,0.0902
96,88,93,-1,-0.0095
71,100,34,-1,-0.0009
22,36,38,1,0.0429
82,42,94,1,0.0423
18,85,46,1,0.0339
66,58,26,1,0.0584
10,15,55,-1,-0.0248
34,90,39,1,0.0393
59,38,61,1,0.0885
32,50,40,1,0.0602
97,84,12,-1,-0.0096
22,14,15,-1,-0.0378
91,87,81,1,0.0193
41,92,76,1,0.0482
33,19,58,1,0.0321
72,56,29,1,0.0590
91,62,61,1,0.0474
58,30,81,1,0.0751
98,34,45,1,0.0153
52,40,42,1,0.0700
77,43,11,1,0.0067
64,90,82,1,0.0525
18,30,85,1,0.0299
28,61,69,1,0.0630
42,85,86,1,0.0433
82,95,59,1,0.0236
13,78,85,-1,-0.0123
95,56,66,1,0.0406
98,82,97,-1,-0.0298
84,87,12,1,0.0143
56,52,51,1,0.1041
48,17,21,1,0.0104
13,40,92,1,0.0030
47,19,48,1,0.0502
75,86,84,1,0.0406
44,54,85,1,0.0979
61,93,73,1,0.0553
59,24,16,1,0.0196
30,20,20,-1,-0.0075
99,68,51,1,0.0250
92,84,84,1,0.0167
78,46,49,1,0.0828
13,33,77,1,0.0175
42,66,24,1,0.0408
26,49,92,1,0.0499
30,67,42,1,0.0412
51,14,77,1,0.0507
97,29,19,-1,-0.0158
13,31,30,-1,-0.0104
80,17,24,1,0.0295
75,64,38,1,0.0554
85,17,24,1,0.0124
53,35,26,1,0.0554
53,87,90,1,0.0486
94,76,55,1,0.0277
67,17,30,1,0.0417
15,43,42,1,0.0269
63,40,83,1,0.0780
76,21,75,1,0.0607
97,83,63,1,0.0143
61,73,67,1,0.0636
65,86,31,1,0.0456
48,15,71,1,0.0472
96,58,66,1,0.0347
11,48,72,1,0.0485
95,78,15,1,0.0083
15,50,34,1,0.0197
37,35,24,1,0.0404
84,52,90,1,0.0535
47,97,27,1,0.0248
22,84,74,1,0.0223
13,91,24,-1,-0.0051
93,78,47,1,0.0379
32,94,93,-1,-0.0087
92,75,31,1,0.0244
96,98,38,-1,-0.0069
46,97,39,1,0.0333
56,31,77,1,0.0789
68,95,85,1,0.0262
32,26,84,1,0.0515
33,96,90,-1,-0.0194
88,59,44,1,0.0600
86,71,45,1,0.0563
82,48,40,1,0.0650
14,52,95,1,0.0035
28,100,69,-1,-0.0398
52,50,41,1,0.0777
27,18,75,1,0.0161
44,78,35,1,0.0489
20,80,100,-1,-0.0468
33,29,52,1,0.0468
60,56,98,1,0.0388
20,12,74,-1,-0.0092
63,36,99,1,0.0266
98,85,92,-1,-0.0067
97,32,73,1,0.0215
54,82,35,1,0.0595
55,55,31,1,0.0695
55,43,32,1,0.0674
76,26,26,1,0.0526
85,71,37,1,0.0442
71,14,11,-1,-0.0156
39,56,98,1,0.0280
29,50,85,1,0.0791
57,75,68,1,0.0744
32,25,18,1,0.0050
94,11,77,-1,-0.0148
53,80,90,1,0.0615
47,44,49,1,0.0957
57,97,91,1,0.0038
83,15,60,1,0.0281
31,29,64,1,0.0392
56,47,94,1,0.0664
36,19,12,-1,-0.0184
34,24,75,1,0.0638
29,77,51,1,0.0385
33,61,34,1,0.0418
18,50,71,1,0.0787
35,21,77,1,0.0494
69,45,90,1,0.0817
61,97,70,1,0.0168
24,93,92,-1,-0.0190
13,47,15,-1,-0.0410
75,34,13,1,0.0239
94,59,28,1,0.0268
23,85,71,1,0.0127
84,67,27,1,0.0350
95,100,41,-1,-0.0284
19,61,39,1,0.0417
51,98,13,1,0.0105
94,100,74,-1,-0.0451
84,72,15,1,0.0342
61,41,10,-1,-0.0057
44,23,53,1,0.0619
39,84,44,1,0.0602
72,22,43,1,0.0625
88,38,77,1,0.0533
41,95,34,1,0.0403
26,66,45,1,0.0465
10,62,78,1,0.0189
73,12,46,1,0.0421
31,71,96,1,0.0040
83,45,93,1,0.0371
28,38,33,1,0.0426
32,48,13,1,0.0016
70,25,75,1,0.0755
82,16,56,1,0.0404
38,85,11,1,0.0011
26,26,23,1,0.0027
44,75,87,1,0.0625
30,54,48,1,0.0793
50,64,73,1,0.0997
11,72,25,-1,-0.0158
57,44,50,1,0.1013
51,35,10,-1,-0.0067
49,48,19,1,0.0428
97,31,28,1,0.0035
49,59,35,1,0.0676
52,74,53,1,0.0792
88,22,29,1,0.0339
44,40,44,1,0.0748
97,42,72,1,0.0263
29,89,34,1,0.0314
90,35,78,1,0.0448
30,55,63,1,0.0821
24,67,52,1,0.0415
40,71,27,1,0.0407
43,91,66,1,0.0489
75,32,38,1,0.0587
29,96,13,-1,-0.0041
15,72,48,1,0.0299
96,72,51,1,0.0353
30,63,68,1,0.0619
78,38,60,1,0.0766
78,25,19,1,0.0341
89,71,89,1,0.0478
56,89,24,1,0.0477
50,65,65,1,0.0909
13,74,74,1,0.0004
35,51,96,1,0.0443
43,25,27,1,0.0388
74,54,67,1,0.0844
57,77,45,1,0.0781
78,100,17,1,0.0058
100,27,36,-1,-0.0054
15,39,16,-1,-0.0254
40,81,78,1,0.0601
98,77,99,-1,-0.0411
93,100,74,-1,-0.0431
47,78,68,1,0.0711
75,60,33,1,0.0562
14,82,28,1,0.0051
59,51,13,1,0.0245
62,92,51,1,0.0629
22,22,81,1,0.0243
97,83,13,-1,-0.0008
35,55,86,1,0.0832
73,83,69,1,0.0571
42,64,93,1,0.0492
26,32,93,1,0.0146
37,56,54,1,0.0803
46,59,27,1,0.0600
42,66,81,1,0.0663
73,87,17,1,0.0504
42,40,63,1,0.0886
83,45,10,-1,-0.0190
12,21,23,-1,-0.0461
52,96,38,1,0.0412
36,76,63,1,0.0532
35,61,96,1,0.0256
48,73,26,1,0.0499
19,43,91,1,0.0422
64,95,40,1,0.0467
76,63,95,1,0.0434
90,27,23,1,0.0198
41,61,24,1,0.0423
64,90,48,1,0.0679
33,64,22,1,0.0183
92,67,20,1,0.0214
99,72,36,1,0.0158
85,54,44,1,0.0630
38,62,52,1,0.0693
33,35,75,1,0.0798
37,74,53,1,0.0448
56,38,21,1,0.0474
30,75,62,1,0.0394
79,97,79,-1,-0.0075
26,16,66,1,0.0046
16,87,69,-1,-0.0021
86,39,63,1,0.0490
40,90,66,1,0.0442
83,83,95,1,0.0252
19,41,15,-1,-0.0126
31,90,87,1,0.0030
51,93,20,1,0.0392
68,37,35,1,0.0687
47,76,40,1,0.0680
81,17,74,1,0.0443
69,37,37,1,0.0721
67,44,51,1,0.1015
86,70,16,1,0.0314
10,41,56,1,0.0291
45,47,86,1,0.0975
51,10,50,1,0.0277
72,63,60,1,0.0822
43,56,72,1,0.1155
43,25,98,1,0.0402
47,44,100,1,0.0333
66,27,63,1,0.0728
80,55,84,1,0.0740
20,90,32,1,0.0170
55,82,25,1,0.0577
36,25,92,1,0.0489
14,78,40,1,0.0198
70,81,24,1,0.0514
40,68,52,1,0.0596
28,90,75,1,0.0100
44,94,58,1,0.0413
20,20,68,1,0.0059
69,65,64,1,0.0846
52,63,41,1,0.0751
36,26,16,1,0.0032
90,60,58,1,0.0568
48,63,38,1,0.0659
26,85,52,1,0.0277
86,61,62,1,0.0561
36,10,28,-1,-0.0044
23,73,51,1,0.0332
25,82,81,1,0.0154
34,85,84,1,0.0238
73,64,85,1,0.0777
88,97,87,-1,-0.0106
28,15,48,1,0.0118
16,82,51,1,0.0246
79,63,36,1,0.0546
13,34,18,-1,-0.0246
100,36,29,1,0.0038
19,40,61,1,0.0491
67,13,80,1,0.0308
92,71,35,1,0.0249
92,57,92,1,0.0276
18,42,18,-1,-0.0008
44,31,23,1,0.0275
98,63,29,1,0.0117
42,62,30,1,0.0487
64,86,49,1,0.0672
14,67,97,-1,-0.0364
23,61,38,1,0.0447
60,12,19,-1,-0.0114
45,82,23,1,0.0421
14,49,20,-1,-0.0136
12,81,69,-1,-0.0088
24,69,89,1,0.0238
39,55,86,1,0.0886
36,14,80,1,0.0311
99,25,36,-1,-0.0019
80,80,66,1,0.0534
40,34,84,1,0.0713
38,37,44,1,0.0763
54,45,43,1,0.0857
76,79,49,1,0.0677
99,72,29,1,0.0132
63,95,49,1,0.0564
58,90,14,1,0.0306
21,92,70,-1,-0.0085
84,95,47,1,0.0343
62,41,74,1,0.1042
57,95,67,1,0.0385
52,49,85,1,0.1090
86,59,90,1,0.0521
42,33,64,1,0.0782
46,48,27,1,0.0574
32,37,79,1,0.0703
50,82,24,1,0.0518
43,30,89,1,0.0681
40,32,97,1,0.0296
14,59,45,1,0.0379
71,97,19,1,0.0274
12,32,12,-1,-0.0528
10,54,37,1,0.0123
43,58,32,1,0.0608
53,73,23,1,0.0475
29,96,68,-1,-0.0046
67,96,85,1,0.0123
71,80,45,1,0.0692
52,95,35,1,0.0487
21,97,42,1,0.0192
69,27,51,1,0.0817
80,36,54,1,0.0735
70,72,51,1,0.0799
92,76,56,1,0.0363
23,62,48,1,0.0558
36,22,60,1,0.0488
44,38,63,1,0.0928
75,86,14,1,0.0435
66,11,20,-1,-0.0040
79,100,89,-1,-0.0274
74,97,34,1,0.0258
10,48,15,-1,-0.0472
86,33,88,1,0.0447
91,84,88,1,0.0303
98,32,57,1,0.0120
87,95,33,1,0.0247
50,87,61,1,0.0689
21,86,45,1,0.0319
17,36,14,-1,-0.0216
89,65,80,1,0.0496
92,43,92,1,0.0062
74,23,45,1,0.0677
74,94,70,1,0.0271
92,26,31,1,0.0238
100,19,52,-1,-0.0066
39,66,45,1,0.0639
12,73,54,-1,-0.0022
10,17,24,-1,-0.0428
56,26,47,1,0.0676
44,95,53,1,0.0465
91,29,87,1,0.0314
62,92,71,1,0.0567
40,33,67,1,0.0715
59,37,76,1,0.0936
15,69,59,1,0.0170
75,21,72,1,0.0602
90,10,54,1,0.0113
83,17,68,1,0.0304
59,11,95,-1,-0.0039
10,16,75,-1,-0.0184
74,24,90,1,0.0565
61,86,92,1,0.0499
20,80,50,1,0.0286
40,17,73,1,0.0508
87,88,96,1,0.0066
72,30,58,1,0.0822
94,78,73,1,0.0244
76,96,98,-1,-0.0218
83,95,11,1,0.0038
20,17,12,-1,-0.0474
55,72,35,1,0.0592
95,80,28,1,0.0212
34,71,57,1,0.0433
50,42,94,1,0.0659
96,34,93,-1,-0.0173
92,12,63,-1,-0.0046
51,90,13,1,0.0213
56,60,54,1,0.0899
40,24,99,1,0.0300
87,67,83,1,0.0531
18,98,41,1,0.0136
98,22,21,-1,-0.0241
28,99,64,-1,-0.0203
35,41,21,1,0.0392
90,59,81,1,0.0507
80,98,51,1,0.0150
57,82,88,1,0.0634
30,99,23,1,0.0050
88,56,46,1,0.0693
16,45,89,1,0.0450
84,72,70,1,0.0527
92,98,23,1,0.0003
60,37,27,1,0.0593
19,31,18,-1,-0.0131
35,35,59,1,0.0690
32,36,74,1,0.0829
10,34,24,-1,-0.0098
15,67,27,1,0.0013
98,93,98,-1,-0.0518
40,16,53,1,0.0377
66,36,77,1,0.0815
48,26,35,1,0.0460
45,48,10,-1,-0.0054
19,64,13,-1,-0.0207
10,10,46,-1,-0.0490
21,79,94,-1,-0.0039
77,16,69,1,0.0411
59,17,42,1,0.0391
77,22,70,1,0.0623
39,82,81,1,0.0485
59,84,95,1,0.0349
15,69,58,1,0.0231
88,16,13,-1,-0.0118
80,81,58,1,0.0575
22,27,36,1,0.0186
21,11,93,-1,-0.0352
13,61,55,1,0.0235
64,49,100,1,0.0338
84,52,42,1,0.0575
78,20,13,1,0.0119
96,37,31,1,0.0167
39,21,58,1,0.0482
78,33,55,1,0.0767
42,48,87,1,0.0935
74,80,89,1,0.0525
83,92,21,1,0.0356
89,43,18,1,0.0246
66,75,22,1,0.0425
72,94,44,1,0.0457
78,93,88,1,0.0280
98,27,49,1,0.0159
22,49,33,1,0.0440
20,15,40,-1,-0.0122
76,34,66,1,0.0797
100,40,92,-1,-0.0251
91,25,76,1,0.0404
34,29,32,1,0.0260
26,10,83,-1,-0.0141
69,99,61,-1,-0.0037
29,86,66,1,0.0209
13,26,82,-1,-0.0026
55,19,32,1,0.0408
52,81,20,1,0.0472
84,55,88,1,0.0581
20,10,34,-1,-0.0308
48,24,36,1,0.0428
83,92,42,1,0.0389
11,36,47,1,0.0218
53,53,46,1,0.0991
16,62,22,-1,-0.0081
99,71,96,-1,-0.0156
26,67,86,1,0.0317
44,90,79,1,0.0484
30,50,74,1,0.1019
87,93,16,1,0.0303
48,85,46,1,0.0783
16,30,69,1,0.0368
65,26,75,1,0.0723
47,70,82,1,0.0732
44,10,77,1,0.0380
75,77,48,1,0.0724
27,94,28,1,0.0340
52,86,52,1,0.0772
98,12,77,-1,-0.0231
87,27,79,1,0.0501
79,54,71,1,0.0796
27,42,86,1,0.0637
69,62,69,1,0.0884
56,73,55,1,0.0701
94,42,94,-1,-0.0038
25,69,54,1,0.0345
99,72,79,1,0.0081
31,87,89,1,0.0079
59,21,60,1,0.0578
10,97,19,-1,-0.0397
43,96,100,-1,-0.0323
77,93,14,1,0.0418
86,44,65,1,0.0588
23,13,48,-1,-0.0017
61,10,71,1,0.0293
50,95,32,1,0.0459
78,50,35,1,0.0610
42,18,61,1,0.0446
87,40,56,1,0.0491
67,67,85,1,0.0694
79,74,98,1,0.0267
54,77,19,1,0.0462
15,52,75,1,0.0639
21,80,32,1,0.0212
23,68,60,1,0.0399
43,45,60,1,0.0977
53,36,95,1,0.0430
97,51,40,1,0.0346
37,88,70,1,0.0440
77,29,32,1,0.0560
73,68,16,1,0.0484
60,83,36,1,0.0510
38,63,81,1,0.0713
60,60,64,1,0.0889
67,31,49,1,0.0746
87,38,92,1,0.0288
76,87,52,1,0.0545
49,41,97,1,0.0460
51,39,50,1,0.0902
40,70,36,1,0.0424
12,74,96,-1,-0.0319
19,66,12,-1,-0.0276
60,66,11,1,0.0085
19,24,28,-1,-0.0050
40,74,61,1,0.0525
97,67,72,1,0.0259
91,95,30,1,0.0118
66,29,20,1,0.0353
83,82,22,1,0.0452
74,85,29,1,0.0507
34,78,91,1,0.0368
17,73,72,1,0.0172
92,81,87,1,0.0204
32,72,70,1,0.0410
65,12,90,1,0.0244
75,61,51,1,0.0828
62,24,91,1,0.0567
34,59,53,1,0.0701
79,89,43,1,0.0486
70,26,75,1,0.0755
73,18,70,1,0.0521
71,31,33,1,0.0567
94,31,10,-1,-0.0369
68,19,35,1,0.0486
96,50,75,1,0.0465
52,68,22,1,0.0407
77,87,24,1,0.0523
72,28,30,1,0.0596
71,82,81,1,0.0577
84,70,34,1,0.0417
59,85,90,1,0.0535
39,46,45,1,0.0828
74,68,78,1,0.0694
80,93,30,1,0.0392
64,19,34,1,0.0410
78,79,31,1,0.0496
41,93,72,1,0.0468
81,83,33,1,0.0490
54,92,67,1,0.0539
60,27,89,1,0.0631
44,62,80,1,0.0891
25,31,34,1,0.0201
14,97,35,1,0.0017
79,12,80,1,0.0192
82,70,87,1,0.0658
28,72,47,1,0.0442
17,58,30,1,0.0234
24,42,50,1,0.0696
64,60,64,1,0.0908
41,39,57,1,0.0866
93,90,91,-1,-0.0023
19,89,61,1,0.0079
37,42,41,1,0.0605
31,11,91,-1,-0.0145
38,28,55,1,0.0630
74,73,57,1,0.0676
38,10,70,1,0.0202
70,74,72,1,0.0737
60,85,49,1,0.0751
13,11,74,-1,-0.0407
94,38,62,1,0.0236
21,39,62,1,0.0619
91,98,31,1,0.0020
39,11,22,-1,-0.0141
70,31,99,1,0.0225
92,84,58,1,0.0326
52,20,88,1,0.0577
94,70,17,1,0.0140
78,56,17,1,0.0423
44,26,37,1,0.0433
38,82,82,1,0.0476
18,59,92,1,0.0298
38,18,37,1,0.0244
74,74,17,1,0.0449
87,38,54,1,0.0502
63,85,37,1,0.0576
10,61,11,-1,-0.0514
31,19,31,1,0.0107
48,80,78,1,0.0783
27,94,29,1,0.0329
26,69,48,1,0.0426
72,82,57,1,0.0624
39,43,51,1,0.0903
40,99,48,1,0.0259
31,33,98,1,0.0053
65,69,82,1,0.0685
55,13,73,1,0.0410
75,28,74,1,0.0790
35,59,95,1,0.0299
67,15,58,1,0.0449
77,56,22,1,0.0481
81,16,57,1,0.0411
15,36,32,1,0.0126
34,73,56,1,0.0362
11,57,67,1,0.0327
65,85,65,1,0.0610
66,12,67,1,0.0315
25,16,48,1,0.0029
73,96,98,-1,-0.0156
44,52,63,1,0.1039
95,96,19,1,0.0015
83,56,32,1,0.0495
62,78,32,1,0.0532
19,91,38,1,0.0195
39,68,25,1,0.0402
76,56,55,1,0.0893
67,37,27,1,0.0648
11,16,46,-1,-0.0289
25,15,61,1,0.0046
20,89,55,1,0.0136
99,16,67,-1,-0.0150
78,12,97,-1,-0.0134
12,75,97,-1,-0.0390
21,35,99,1,0.0016
82,16,14,1,0.0022
84,17,78,1,0.0268
30,64,21,1,0.0133
35,27,80,1,0.0571
100,14,12,-1,-0.0678
52,18,97,1,0.0220
90,65,23,1,0.0287
55,59,65,1,0.1007
90,81,76,1,0.0376
40,82,53,1,0.0509
30,100,69,-1,-0.0299
71,73,50,1,0.0761
45,78,32,1,0.0484
11,49,44,1,0.0243
17,21,63,1,0.0011
61,77,71,1,0.0753
81,54,92,1,0.0554
18,63,59,1,0.0425
11,17,73,-1,-0.0161
94,86,93,-1,-0.0030
51,58,40,1,0.0793
38,57,14,1,0.0152
44,14,85,1,0.0444
56,21,15,1,0.0107
43,57,75,1,0.1159
96,65,13,-1,-0.0059
60,50,34,1,0.0551
44,63,96,1,0.0402
68,18,77,1,0.0526
87,57,21,1,0.0346
64,84,35,1,0.0489
19,16,100,-1,-0.0468
10,56,80,1,0.0323
21,77,98,-1,-0.0242
85,45,78,1,0.0575
65,33,37,1,0.0535
10,88,44,1,0.0145
58,37,23,1,0.0514
70,63,96,1,0.0464
53,33,89,1,0.0729
67,12,47,1,0.0319
99,14,58,-1,-0.0205
23,56,13,-1,-0.0020
61,64,92,1,0.0663
75,10,45,1,0.0312
33,31,55,1,0.0575
94,77,31,1,0.0198
36,89,72,1,0.0459
66,95,55,1,0.0411
52,32,71,1,0.0852
80,44,45,1,0.0741
40,21,27,1,0.0234
96,34,26,1,0.0052
85,100,25,-1,-0.0067
30,70,90,1,0.0292
100,68,66,1,0.0099
24,68,100,-1,-0.0338
83,94,75,1,0.0245
23,70,52,1,0.0397
53,57,52,1,0.1009
15,59,32,1,0.0169
50,68,42,1,0.0678
79,44,24,1,0.0576
27,67,98,-1,-0.0192
60,16,19,1,0.0040
48,92,67,1,0.0542
19,100,46,-1,-0.0104
38,51,44,1,0.0766
79,36,91,1,0.0478
14,50,16,-1,-0.0275
29,20,74,1,0.0292
93,88,76,1,0.0153
28,93,14,-1,-0.0003
32,72,81,1,0.0370
97,52,63,1,0.0374
71,94,27,1,0.0382
25,84,19,-1,-0.0013
80,87,66,1,0.0450
100,78,86,-1,-0.0009
91,42,15,1,0.0031
19,76,38,1,0.0216
99,37,91,-1,-0.0183
44,64,95,1,0.0366
39,60,34,1,0.0502
66,47,54,1,0.1027
81,94,57,1,0.0272
82,32,78,1,0.0686
20,81,71,1,0.0121
26,42,24,1,0.0412
73,21,34,1,0.0537
21,10,42,-1,-0.0282
77,90,63,1,0.0424
32,45,55,1,0.0858
39,60,11,1,0.0047
31,48,21,1,0.0221
86,26,55,1,0.0531
79,79,66,1,0.0524
30,17,76,1,0.0223
31,89,96,-1,-0.0154
20,15,58,1,0.0020
65,83,99,1,0.0100
12,48,27,-1,-0.0076
23,78,17,-1,-0.0016
81,72,29,1,0.0436
26,34,61,1,0.0567
81,57,78,1,0.0740
39,34,98,1,0.0301
67,21,19,1,0.0161
83,61,11,1,0.0073
70,39,53,1,0.0923
66,86,66,1,0.0515
98,65,50,1,0.0314
33,49,74,1,0.1047
53,76,56,1,0.0794
22,24,87,1,0.0275
65,49,97,1,0.0491
68,25,58,1,0.0741
81,85,21,1,0.0503
84,50,85,1,0.0643
72,98,77,-1,-0.0067
93,33,38,1,0.0154
99,49,74,1,0.0353
83,75,38,1,0.0465
97,36,31,1,0.0127
31,80,58,1,0.0331
13,69,17,-1,-0.0267
26,19,39,1,0.0015
19,54,12,-1,-0.0201
15,99,10,-1,-0.0525
11,13,44,-1,-0.0390
36,42,54,1,0.0811
36,85,53,1,0.0418
18,89,79,-1,-0.0114
36,51,94,1,0.0552
94,42,14,-1,-0.0147
46,52,72,1,0.1133
26,83,50,1,0.0342
22,27,62,1,0.0466
22,80,87,1,0.0108
82,100,54,-1,-0.0064
86,59,30,1,0.0403
63,29,97,1,0.0287
32,97,36,1,0.0195
98,13,48,-1,-0.0127
69,42,32,1,0.0698
54,70,48,1,0.0843
32,55,54,1,0.0802
98,90,16,1,0.0059
38,47,42,1,0.0645
28,36,40,1,0.0471
21,87,14,-1,-0.0147
23,18,55,1,0.0125
10,79,58,1,0.0023
75,76,18,1,0.0465
70,88,31,1,0.0513
17,49,12,-1,-0.0267
67,52,37,1,0.0626
50,66,75,1,0.0917
41,19,11,-1,-0.0161
41,57,45,1,0.0773
83,66,88,1,0.0591
42,85,98,1,0.0020
97,84,23,1,0.0159
93,81,48,1,0.0358
15,80,27,1,0.0063
69,77,49,1,0.0786
36,26,85,1,0.0640
67,60,51,1,0.0914
62,68,68,1,0.0762
52,78,75,1,0.0829
89,86,53,1,0.0455
89,58,12,1,0.0052
68,29,42,1,0.0630
74,68,68,1,0.0715
81,13,76,1,0.0302
31,64,89,1,0.0491
85,52,32,1,0.0418
99,79,27,1,0.0126
27,93,37,1,0.0356
87,49,75,1,0.0744
87,12,30,1,0.0063
99,36,33,1,0.0069
42,45,59,1,0.0976
16,77,66,1,0.0216
49,93,49,1,0.0723
95,17,76,1,0.0063
80,39,67,1,0.0699
82,40,49,1,0.0663
73,53,76,1,0.0962
98,84,16,1,0.0077
44,93,92,1,0.0251
88,46,14,1,0.0113
26,39,98,1,0.0100
53,28,98,1,0.0381
49,36,32,1,0.0630
95,82,57,1,0.0201
24,55,47,1,0.0703
89,86,81,1,0.0284
91,47,21,1,0.0228
94,75,11,-1,-0.0209
52,22,59,1,0.0616
38,17,26,1,0.0196
21,46,80,1,0.0701
72,52,59,1,0.0945
10,68,66,1,0.0011
72,73,46,1,0.0728
94,52,97,-1,-0.0058
69,26,62,1,0.0768
84,40,64,1,0.0549
38,78,20,1,0.0252
99,95,91,-1,-0.0317
12,73,57,1,0.0013
37,35,33,1,0.0473
70,58,87,1,0.0853
62,91,42,1,0.0551
41,14,13,-1,-0.0139
23,57,97,1,0.0099
10,42,95,-1,-0.0088
98,23,62,-1,-0.0080
79,61,62,1,0.0720
24,84,10,-1,-0.0285
39,40,80,1,0.0765
88,36,49,1,0.0616
79,45,26,1,0.0597
92,61,47,1,0.0540
17,97,23,-1,-0.0050
62,12,75,1,0.0388
69,91,28,1,0.0452
91,94,52,1,0.0282
35,75,16,1,0.0135
18,68,20,-1,-0.0099
12,21,68,-1,-0.0182
66,44,92,1,0.0638
18,88,20,-1,-0.0113
95,56,23,1,0.0200
37,26,61,1,0.0555
59,48,49,1,0.0964
56,68,44,1,0.0763
74,13,59,1,0.0386
35,15,47,1,0.0228
37,58,70,1,0.0881
46,15,43,1,0.0316
50,89,73,1,0.0709
60,19,45,1,0.0481
72,10,22,1,0.0013
53,81,42,1,0.0727
64,82,71,1,0.0669
48,39,60,1,0.0861
20,28,44,1,0.0210
81,14,56,1,0.0355
27,42,57,1,0.0790
65,60,80,1,0.0872
92,39,21,1,0.0145
43,80,96,1,0.0290
25,41,87,1,0.0590
37,57,61,1,0.0762
86,44,53,1,0.0588
93,68,85,1,0.0283
42,78,47,1,0.0680
100,81,71,1,0.0011
96,64,52,1,0.0354
68,98,26,1,0.0182
77,29,100,1,0.0195
60,63,88,1,0.0815
95,83,11,-1,-0.0120
37,11,49,1,0.0093
74,72,88,1,0.0649
59,22,52,1,0.0617
70,21,96,1,0.0276
86,54,89,1,0.0559
23,99,26,1,0.0117
18,15,32,-1,-0.0199
72,61,50,1,0.0879
96,15,72,-1,-0.0035
39,21,14,-1,-0.0026
36,32,11,-1,-0.0117
23,20,93,-1,-0.0045
48,56,52,1,0.1016
100,14,89,-1,-0.0429
54,36,19,1,0.0441
48,83,98,1,0.0173
69,20,66,1,0.0616
50,81,43,1,0.0716
53,29,31,1,0.0474
47,45,81,1,0.1045
39,25,64,1,0.0665
29,66,64,1,0.0444
20,80,34,1,0.0182
52,100,79,-1,-0.0042
41,69,60,1,0.0549
34,51,42,1,0.0618
40,38,40,1,0.0640
68,69,15,1,0.0379
39,22,87,1,0.0622
65,53,10,-1,-0.0063
22,12,84,-1,-0.0090
57,21,60,1,0.0540
59,65,26,1,0.0536
37,85,21,1,0.0256
64,61,89,1,0.0788
61,33,49,1,0.0688
32,67,53,1,0.0494
94,87,98,-1,-0.0337
37,47,77,1,0.0958
31,23,12,-1,-0.0256
62,17,90,1,0.0447
84,55,48,1,0.0697
72,17,46,1,0.0616
54,35,47,1,0.0821
27,94,58,1,0.0203
58,14,65,1,0.0338
81,60,13,1,0.0384
46,79,65,1,0.0690
12,88,86,-1,-0.0337
43,46,91,1,0.0820
93,83,46,1,0.0307
72,62,36,1,0.0558
21,70,78,1,0.0322
63,16,11,-1,-0.0167
34,57,97,1,0.0206
16,58,15,-1,-0.0170
72,99,13,1,0.0166
18,81,84,1,0.0014
18,88,88,-1,-0.0177
99,72,38,1,0.0218
100,56,47,1,0.0333
68,98,13,1,0.0164
62,82,83,1,0.0655
18,31,56,1,0.0385
15,73,80,-1,-0.0015
53,46,72,1,0.1219
23,51,99,1,0.0129
54,64,37,1,0.0630
69,51,77,1,0.1022
80,100,88,-1,-0.0233
42,61,33,1,0.0521
34,18,88,1,0.0315
24,34,75,1,0.0658
12,19,15,-1,-0.0632
60,23,44,1,0.0495
41,49,21,1,0.0377
65,47,72,1,0.1125
12,26,57,1,0.0061
59,63,69,1,0.0956
71,44,19,1,0.0465
72,93,85,1,0.0310
75,45,63,1,0.0924
50,11,25,1,0.0063
40,63,17,1,0.0280
68,84,10,1,0.0021
88,100,30,-1,-0.0137
65,80,16,1,0.0389
54,12,61,1,0.0263
37,30,44,1,0.0435
14,89,93,-1,-0.0383
31,43,100,1,0.0063
10,91,57,-1,-0.0012
88,31,27,1,0.0333
81,47,74,1,0.0812
93,77,14,1,0.0088
43,14,31,1,0.0151
39,10,68,1,0.0186
10,70,40,1,0.0079
49,19,40,1,0.0363
85,69,11,1,0.0075
15,20,30,-1,-0.0244
51,44,76,1,0.1147
37,97,96,-1,-0.0316
59,11,40,1,0.0133
92,20,55,1,0.0254
23,19,16,-1,-0.0300
61,91,42,1,0.0531
72,92,80,1,0.0344
100,35,57,1,0.0070
31,68,24,1,0.0280
48,69,76,1,0.0852
93,49,51,1,0.0548
61,45,88,1,0.0873
74,76,56,1,0.0660
84,66,69,1,0.0567
99,28,15,-1,-0.0306
60,71,85,1,0.0695
37,40,46,1,0.0715
40,99,73,1,0.0024
52,62,53,1,0.0927
38,81,100,-1,-0.0160
95,22,57,1,0.0130
55,55,62,1,0.1055
33,95,55,1,0.0241
77,59,60,1,0.0791
11,48,28,-1,-0.0031
87,44,61,1,0.0495
13,39,40,1,0.0151
65,10,87,1,0.0224
85,33,79,1,0.0528
52,36,19,1,0.0453
36,90,21,1,0.0144
12,28,63,1,0.0077
83,38,87,1,0.0502
22,60,74,1,0.0768
23,20,51,1,0.0104
43,58,10,1,0.0084
12,19,53,-1,-0.0234
26,46,16,1,0.0045
16,31,63,1,0.0342
90,16,86,1,0.0151
61,73,71,1,0.0728
29,60,56,1,0.0631
82,76,47,1,0.0632
32,51,72,1,0.1022
51,12,55,1,0.0375
83,75,48,1,0.0644
77,84,27,1,0.0513
87,61,37,1,0.0397
67,17,58,1,0.0510
70,29,38,1,0.0576
91,59,49,1,0.0657
41,18,47,1,0.0398
30,67,38,1,0.0358
91,64,51,1,0.0587
73,26,74,1,0.0754
80,18,59,1,0.0423
81,80,78,1,0.0546
61,58,16,1,0.0385
59,42,56,1,0.1083
63,63,69,1,0.0909
50,37,31,1,0.0658
72,85,100,1,0.0020
17,75,39,1,0.0253
38,29,96,1,0.0317
90,55,14,1,0.0118
32,68,67,1,0.0472
65,18,11,-1,-0.0115
37,61,59,1,0.0683
70,11,90,1,0.0186
75,15,14,1,0.0000
97,79,70,1,0.0181
87,51,76,1,0.0763
48,40,86,1,0.0828
58,15,14,-1,-0.0073
15,29,20,-1,-0.0203
85,30,27,1,0.0378
53,74,73,1,0.0824
46,100,17,-1,-0.0037
60,89,85,1,0.0525
73,86,50,1,0.0627
72,30,26,1,0.0551
24,64,90,1,0.0385
48,90,100,-1,-0.0040
52,76,80,1,0.0737
70,27,88,1,0.0621
23,70,51,1,0.0427
15,71,43,1,0.0263
100,85,34,1,0.0041
27,56,14,1,0.0045
12,62,67,1,0.0144
16,60,46,1,0.0490
61,67,99,1,0.0101
58,53,94,1,0.0642
66,41,36,1,0.0706
86,15,77,1,0.0279
32,81,60,1,0.0309
83,25,78,1,0.0523
81,78,65,1,0.0588
40,42,40,1,0.0660
70,62,38,1,0.0605
74,10,42,1,0.0271
14,71,99,-1,-0.0474
20,79,98,-1,-0.0294
91,14,41,1,0.0053
79,17,32,1,0.0395
95,93,53,1,0.0175
86,79,13,1,0.0163
76,67,70,1,0.0694
90,84,31,1,0.0309
83,70,21,1,0.0389
75,23,35,1,0.0518
99,33,26,-1,-0.0070
70,13,37,1,0.0327
60,33,82,1,0.0753
33,23,27,1,0.0217
20,73,15,-1,-0.0122
61,38,13,1,0.0198
94,98,25,-1,-0.0045
23,80,77,1,0.0286
95,58,68,1,0.0405
84,31,63,1,0.0587
91,44,20,1,0.0230
91,26,60,1,0.0371
20,73,35,1,0.0163
35,46,21,1,0.0297
63,59,41,1,0.0687
32,49,55,1,0.0901
25,23,54,1,0.0226
12,95,59,-1,-0.0060
98,44,68,1,0.0248
44,71,97,1,0.0214
43,75,92,1,0.0596
52,66,90,1,0.0692
89,25,100,-1,-0.0045
99,49,21,1,0.0011
87,78,93,1,0.0476
10,41,28,-1,-0.0004
23,42,27,1,0.0421
11,69,70,-1,-0.0032
20,70,63,1,0.0291
20,48,36,1,0.0336
84,75,81,1,0.0510
79,91,61,1,0.0352
53,83,22,1,0.0457
20,57,40,1,0.0455
38,87,64,1,0.0478
56,55,85,1,0.0990
99,19,23,-1,-0.0290
21,92,63,1,0.0056
25,80,82,1,0.0187
63,72,58,1,0.0734
74,21,35,1,0.0531
84,88,70,1,0.0377
81,11,37,1,0.0201
59,63,35,1,0.0563
61,22,89,1,0.0581
59,20,40,1,0.0432
24,23,95,-1,-0.0044
19,30,11,-1,-0.0376
55,47,63,1,0.1105
70,21,64,1,0.0630
50,67,75,1,0.0860
31,83,36,1,0.0331
10,29,17,-1,-0.0450
38,40,58,1,0.0830
86,45,68,1,0.0583
12,38,93,-1,-0.0048
21,82,53,1,0.0227
62,14,99,-1,-0.0045
81,89,34,1,0.0434
26,67,25,1,0.0266
73,99,53,1,0.0122
76,43,76,1,0.0882
72,62,50,1,0.0898
34,30,62,1,0.0573
30,96,25,1,0.0226
30,52,36,1,0.0515
17,96,66,-1,-0.0143
11,25,92,-1,-0.0156
22,35,76,1,0.0656
66,100,46,1,0.0073
18,90,95,-1,-0.0406
15,16,40,-1,-0.0233
92,83,60,1,0.0235
25,54,86,1,0.0729
49,12,42,1,0.0159
92,61,85,1,0.0417
13,75,87,-1,-0.0105
26,53,33,1,0.0523
64,77,70,1,0.0742
84,30,50,1,0.0592
17,83,39,1,0.0261
23,88,97,-1,-0.0319
26,14,59,1,0.0054
28,36,90,1,0.0423
34,53,58,1,0.0852
76,25,10,-1,-0.0089
100,69,96,-1,-0.0194
40,85,73,1,0.0590
32,94,48,1,0.0456
98,47,86,1,0.0163
31,18,13,-1,-0.0225
62,40,38,1,0.0595
41,14,97,1,0.0077
56,26,57,1,0.0747
69,94,95,1,0.0108
45,68,90,1,0.0632
96,57,46,1,0.0447
58,54,100,1,0.0276
78,19,66,1,0.0467
90,86,66,1,0.0284
33,83,65,1,0.0351
72,20,71,1,0.0637
63,32,98,1,0.0311
80,71,48,1,0.0730
23,49,76,1,0.0971
93,99,87,-1,-0.0414
81,71,19,1,0.0452
62,25,32,1,0.0486
52,40,58,1,0.0946
49,24,31,1,0.0438
50,74,53,1,0.0785
50,96,49,1,0.0553
99,17,24,-1,-0.0266
93,34,95,-1,-0.0160
88,14,100,-1,-0.0319
20,30,57,1,0.0401
22,26,28,1,0.0160
65,76,75,1,0.0740
84,83,62,1,0.0451
16,13,87,-1,-0.0234
44,92,56,1,0.0462
61,24,65,1,0.0661
85,25,17,1,0.0138
95,55,78,1,0.0409
27,16,79,1,0.0089
39,42,26,1,0.0591
14,32,100,-1,-0.0374
52,46,26,1,0.0642
32,45,26,1,0.0464
54,20,53,1,0.0570
60,44,26,1,0.0567
59,38,37,1,0.0635
31,22,51,1,0.0318
61,56,20,1,0.0444
80,15,96,-1,-0.0042
18,41,40,1,0.0391
14,66,96,-1,-0.0264
25,14,55,1,0.0049
28,49,72,1,0.0949
26,31,43,1,0.0336
39,20,68,1,0.0519
41,90,57,1,0.0464
10,14,43,-1,-0.0374
16,53,31,1,0.0286
62,87,46,1,0.0699
15,30,76,1,0.0295
99,28,68,1,0.0079
92,79,43,1,0.0329
90,75,21,1,0.0238
75,92,18,1,0.0466
63,79,82,1,0.0652
19,66,65,1,0.0319
28,58,84,1,0.0597
10,28,10,-1,-0.0639
23,22,11,-1,-0.0457
58,27,15,1,0.0217
10,27,14,-1,-0.0557
39,65,34,1,0.0441
52,42,73,1,0.1185
89,17,46,1,0.0371
49,85,82,1,0.0619
77,70,30,1,0.0489
58,70,21,1,0.0403
69,41,60,1,0.0988
35,82,82,1,0.0386
22,63,66,1,0.0541
43,82,30,1,0.0480
57,72,74,1,0.0799
71,36,31,1,0.0710
27,46,77,1,0.0846
86,67,48,1,0.0596
96,54,57,1,0.0397
62,25,24,1,0.0365
91,78,55,1,0.0423
12,85,83,-1,-0.0248
12,10,81,-1,-0.0482
76,20,64,1,0.0603
42,69,61,1,0.0592
76,81,80,1,0.0494
80,58,71,1,0.0816
87,32,56,1,0.0531
89,85,69,1,0.0432
40,74,51,1,0.0591
43,12,87,1,0.0371
78,95,59,1,0.0217
16,46,16,-1,-0.0233
76,94,83,1,0.0283
35,68,19,1,0.0171
86,79,12,1,0.0059
58,93,74,1,0.0557
14,50,76,1,0.0596
32,74,38,1,0.0357
88,10,74,1,0.0149
42,29,80,1,0.0681
24,25,29,1,0.0125
36,10,16,-1,-0.0255
74,62,26,1,0.0526
59,78,51,1,0.0763
72,100,28,-1,-0.0001
100,26,86,-1,-0.0100
28,63,52,1,0.0562
19,71,33,1,0.0176
66,50,98,1,0.0430
46,60,76,1,0.1091
76,86,72,1,0.0486
25,39,23,1,0.0265
44,20,81,1,0.0610
65,98,49,1,0.0290
34,64,59,1,0.0572
38,28,40,1,0.0360
43,18,86,1,0.0564
28,20,92,1,0.0048
85,10,82,1,0.0054
13,30,79,1,0.0077
31,52,69,1,0.0869
59,66,84,1,0.0744
23,97,61,1,0.0014
70,47,31,1,0.0639
15,95,35,1,0.0146
81,53,54,1,0.0751
36,99,15,-1,-0.0029
26,85,23,1,0.0186
90,88,93,1,0.0199
54,99,87,-1,-0.0052
95,30,50,1,0.0334
39,81,59,1,0.0438
59,73,34,1,0.0485
79,82,63,1,0.0527
20,83,49,1,0.0308
95,16,87,-1,-0.0111
65,16,44,1,0.0418
58,96,21,1,0.0237
35,21,69,1,0.0409
45,36,44,1,0.0809
14,82,49,1,0.0217
24,28,45,1,0.0334
68,29,27,1,0.0533
81,99,84,-1,-0.0128
64,76,38,1,0.0606
61,100,67,-1,-0.0141
59,33,20,1,0.0375
12,74,86,-1,-0.0105
71,63,76,1,0.0918
41,65,58,1,0.0699
13,93,80,-1,-0.0293
47,83,44,1,0.0696
85,35,93,1,0.0289
68,91,75,1,0.0515
10,40,10,-1,-0.0624
51,36,49,1,0.0898
85,77,83,1,0.0478
10,39,91,1,0.0084
22,89,82,-1,-0.0060
83,70,83,1,0.0600
28,97,61,-1,-0.0002
67,12,98,-1,-0.0043
32,79,86,1,0.0301
92,11,15,-1,-0.0419
89,34,81,1,0.0491
86,38,63,1,0.0518
96,76,98,-1,-0.0170
43,33,88,1,0.0747
98,38,86,-1,-0.0028
68,32,74,1,0.0838
78,17,65,1,0.0428
16,59,26,1,0.0162
57,27,71,1,0.0786
43,39,83,1,0.0840
25,57,29,1,0.0405
98,11,43,-1,-0.0259
53,17,65,1,0.0440
70,49,37,1,0.0687
99,39,94,-1,-0.0245
39,16,27,1,0.0166
26,95,93,-1,-0.0247
91,31,76,1,0.0480
11,29,38,-1,-0.0112
34,100,13,-1,-0.0220
85,38,29,1,0.0399
77,88,89,1,0.0387
68,14,64,1,0.0435
100,16,17,-1,-0.0467
96,71,13,-1,-0.0011
56,85,27,1,0.0580
62,74,23,1,0.0443
69,92,30,1,0.0450
23,27,80,1,0.0428
15,78,45,1,0.0296
11,39,51,1,0.0262
58,23,24,1,0.0344
95,88,80,1,0.0007
75,71,59,1,0.0681
74,44,55,1,0.0963
74,46,38,1,0.0669
24,12,22,-1,-0.0326
38,94,71,1,0.0330
42,99,12,-1,-0.0041
100,13,57,-1,-0.0223
47,16,30,1,0.0248
77,52,24,1,0.0522
10,100,59,-1,-0.0488
33,95,14,1,0.0006
98,23,73,-1,-0.0004
56,44,43,1,0.0844
85,94,80,1,0.0208
78,26,100,1,0.0126
29,43,63,1,0.0790
61,96,14,1,0.0194
82,57,28,1,0.0575
11,60,78,1,0.0269
50,95,53,1,0.0612
57,48,91,1,0.0862
68,69,87,1,0.0691
75,91,56,1,0.0451
40,79,63,1,0.0572
96,74,41,1,0.0159
85,74,52,1,0.0524
60,54,40,1,0.0681
95,63,90,1,0.0209
91,50,64,1,0.0571
43,71,81,1,0.0658
48,87,35,1,0.0535
39,55,82,1,0.0910
90,72,52,1,0.0528
93,32,44,1,0.0337
29,13,93,-1,-0.0191
94,89,82,1,0.0013
13,83,61,-1,-0.0004
34,90,71,1,0.0309
69,15,53,1,0.0558
44,22,39,1,0.0359
86,59,84,1,0.0614
36,31,88,1,0.0592
40,28,67,1,0.0667
58,49,15,1,0.0290
30,17,46,1,0.0181
28,89,46,1,0.0408
62,92,13,1,0.0302
20,84,52,1,0.0253
26,16,31,-1,-0.0006
92,47,66,1,0.0512
62,39,89,1,0.0689
29,23,80,1,0.0302
95,43,63,1,0.0311
27,60,48,1,0.0616
17,89,45,1,0.0289
65,45,82,1,0.0908
31,92,99,-1,-0.0407
41,18,88,1,0.0479
37,11,31,-1,-0.0034
67,19,59,1,0.0529
40,28,97,1,0.0315
44,49,91,1,0.0871
39,12,71,1,0.0307
51,94,49,1,0.0701
12,57,95,-1,-0.0095
87,68,16,1,0.0323
74,43,50,1,0.0923
43,71,10,-1,-0.0005
66,82,14,1,0.0340
19,78,60,1,0.0213
10,40,27,-1,-0.0054
75,92,76,1,0.0374
49,67,74,1,0.0864
43,10,87,1,0.0315
20,77,55,1,0.0234
45,51,37,1,0.0631
32,45,72,1,0.0965
60,12,83,1,0.0352
14,40,90,1,0.0159
88,42,30,1,0.0377
56,47,80,1,0.1020
28,74,86,1,0.0193
40,56,41,1,0.0678
65,25,12,1,0.0035
47,46,20,1,0.0474
70,68,54,1,0.0769
65,97,42,1,0.0255
84,70,61,1,0.0513
77,74,80,1,0.0619
97,35,94,-1,-0.0193
90,83,59,1,0.0361
90,24,48,1,0.0517
11,91,26,-1,-0.0090
65,17,34,1,0.0385
86,59,51,1,0.0643
64,30,13,1,0.0131
71,100,94,-1,-0.0313
74,94,55,1,0.0320
97,89,54,1,0.0121
47,90,70,1,0.0592
23,25,79,1,0.0372
74,16,13,1,0.0060
43,40,63,1,0.0888
84,37,68,1,0.0585
55,49,84,1,0.1051
80,74,64,1,0.0629
42,78,88,1,0.0549
23,98,82,-1,-0.0242
13,26,17,-1,-0.0495
28,87,85,-1,-0.0029
12,39,55,1,0.0250
85,30,74,1,0.0685
95,100,46,-1,-0.0214
22,51,70,1,0.0854
35,29,79,1,0.0524
26,13,30,-1,-0.0096
82,19,21,1,0.0227
15,23,65,1,0.0023
19,44,91,1,0.0440
15,11,24,-1,-0.0515
63,23,89,1,0.0576
69,11,18,-1,-0.0040
98,95,95,-1,-0.0475
19,49,36,1,0.0349
68,35,92,1,0.0545
68,52,35,1,0.0619
67,56,81,1,0.0881
27,91,32,1,0.0329
54,67,93,1,0.0575
96,83,11,-1,-0.0150
20,60,13,-1,-0.0143
97,81,69,1,0.0155
26,92,96,-1,-0.0368
89,31,60,1,0.0528
42,91,43,1,0.0552
58,73,68,1,0.0654
68,11,27,1,0.0155
26,64,13,-1,-0.0032
19,11,96,-1,-0.0495
68,76,14,1,0.0375
27,67,47,1,0.0492
12,26,18,-1,-0.0464
50,90,89,1,0.0450
73,77,95,1,0.0466
31,18,60,1,0.0213
19,40,92,1,0.0263
55,25,95,1,0.0440
35,38,65,1,0.0762
34,14,59,1,0.0206
95,25,38,1,0.0142
98,97,53,-1,-0.0106
15,49,89,1,0.0403
30,69,79,1,0.0371
80,66,79,1,0.0596
18,55,80,1,0.0647
36,76,61,1,0.0445
12,60,70,1,0.0225
69,99,50,1,0.0213
85,97,43,1,0.0142
34,59,68,1,0.0809
23,51,10,-1,-0.0199
23,21,76,1,0.0242
11,32,34,-1,-0.0107
54,47,90,1,0.0913
33,35,15,1,0.0089
94,99,94,-1,-0.0497
83,96,92,1,0.0072
83,53,55,1,0.0712
11,14,24,-1,-0.0503
45,44,15,1,0.0286
99,76,85,1,0.0060
40,88,71,1,0.0520
28,64,94,1,0.0124
46,35,78,1,0.0866
75,33,42,1,0.0654
90,84,59,1,0.0382
32,75,11,-1,-0.0135
82,65,45,1,0.0670
25,90,16,-1,-0.0139
85,76,89,1,0.0500
64,69,90,1,0.0651
29,25,17,-1,-0.0085
19,11,44,-1,-0.0285
91,81,43,1,0.0396
40,29,58,1,0.0616
57,36,43,1,0.0777
67,94,19,1,0.0334
87,23,36,1,0.0335
56,67,46,1,0.0795
25,67,62,1,0.0419
38,74,38,1,0.0465
52,60,99,1,0.0215
15,29,39,1,0.0032
33,89,27,1,0.0296
90,48,43,1,0.0611
41,33,91,1,0.0560
80,62,89,1,0.0670
90,83,49,1,0.0482
67,98,67,-1,-0.0032
37,88,61,1,0.0398
76,24,28,1,0.0517
28,17,49,1,0.0158
56,34,27,1,0.0553
72,28,11,1,0.0070
52,84,39,1,0.0708
83,71,55,1,0.0570
71,93,27,1,0.0435
12,11,18,-1,-0.0771
28,45,33,1,0.0451
92,62,53,1,0.0511
98,36,68,1,0.0141
18,61,97,-1,-0.0058
42,20,85,1,0.0597
28,74,10,-1,-0.0201
72,98,79,-1,-0.0104
33,71,95,1,0.0087
19,91,10,-1,-0.0424
83,50,34,1,0.0506
54,52,32,1,0.0656
86,29,95,1,0.0205
22,100,21,-1,-0.0265
11,55,42,1,0.0292
61,19,79,1,0.0554
88,92,66,1,0.0255
78,53,66,1,0.0793
81,26,36,1,0.0506
12,93,37,1,0.0085
57,95,38,1,0.0493
48,79,23,1,0.0408
64,39,71,1,0.0874
19,53,44,1,0.0579
80,97,79,-1,-0.0041
21,26,63,1,0.0393
29,46,52,1,0.0791
59,11,95,-1,-0.0039
63,46,13,1,0.0227
77,56,98,1,0.0331
34,27,17,1,0.0056
11,17,14,-1,-0.0667
99,94,80,-1,-0.0219
52,98,96,-1,-0.0225
56,15,56,1,0.0417
85,70,27,1,0.0386
22,82,10,-1,-0.0237
27,12,23,-1,-0.0242
19,67,70,1,0.0261
72,82,39,1,0.0614
40,99,37,1,0.0190
83,92,30,1,0.0321
24,76,59,1,0.0262
15,74,21,-1,-0.0162
94,66,42,1,0.0295
99,68,15,-1,-0.0008
85,97,28,1,0.0125
91,56,96,1,0.0139
99,51,39,1,0.0264
51,55,20,1,0.0510
23,30,17,-1,-0.0089
75,58,66,1,0.0826
89,32,23,1,0.0248
47,29,56,1,0.0670
77,51,65,1,0.0894
99,39,95,-1,-0.0361
50,55,29,1,0.0686
73,30,96,1,0.0368
54,67,99,1,0.0102
48,80,74,1,0.0799
19,26,36,1,0.0041
70,44,47,1,0.0947
47,92,49,1,0.0645
69,14,80,1,0.0389
63,96,58,1,0.0263
99,47,77,1,0.0322
84,83,79,1,0.0375
29,82,30,1,0.0308
72,58,55,1,0.0929
76,91,51,1,0.0498
62,57,27,1,0.0577
32,48,57,1,0.0883
49,67,37,1,0.0547
93,51,97,1,0.0005
96,84,99,-1,-0.0372
22,14,14,-1,-0.0402
87,10,36,1,0.0046
72,86,26,1,0.0508
47,88,35,1,0.0500
90,10,38,1,0.0018
16,94,21,-1,-0.0141
25,70,14,-1,-0.0061
87,60,23,1,0.0328
31,62,40,1,0.0511
18,25,83,1,0.0216
56,99,62,1,0.0153
62,43,81,1,0.0983
82,17,18,1,0.0145
51,55,67,1,0.1059
23,94,24,1,0.0202
93,60,71,1,0.0439
17,84,77,1,0.0090
16,74,82,1,0.0119
13,47,31,1,0.0019
60,34,88,1,0.0672
21,82,46,1,0.0358
12,41,60,1,0.0249
91,98,36,1,0.0004
17,14,54,-1,-0.0140
51,77,40,1,0.0722
55,24,15,1,0.0145
58,78,17,1,0.0402
80,38,55,1,0.0759
71,65,17,1,0.0463
40,21,52,1,0.0440
70,38,93,1,0.0548
86,72,49,1,0.0621
85,62,88,1,0.0545
43,92,31,1,0.0426
86,41,15,1,0.0147
20,10,39,-1,-0.0308
27,96,85,-1,-0.0234
69,27,71,1,0.0784
92,27,45,1,0.0424
62,98,54,1,0.0232
14,29,24,-1,-0.0145
33,20,23,1,0.0023
28,15,11,-1,-0.0394
14,85,25,1,0.0013
14,66,45,1,0.0270
35,65,92,1,0.0415
80,57,73,1,0.0825
60,41,51,1,0.0946
44,84,50,1,0.0688
40,54,49,1,0.0896
74,11,84,1,0.0236
81,90,28,1,0.0421
82,90,64,1,0.0415
22,25,28,1,0.0136
27,73,26,1,0.0278
91,34,44,1,0.0460
87,90,36,1,0.0372
88,34,89,1,0.0434
88,83,66,1,0.0402
11,100,12,-1,-0.0754
56,30,17,1,0.0231
84,42,70,1,0.0661
76,39,59,1,0.0793
18,13,24,-1,-0.0321
51,39,55,1,0.0944
10,46,18,-1,-0.0314
50,79,13,1,0.0217
27,42,75,1,0.0837
15,95,13,-1,-0.0253
88,58,94,1,0.0431
67,34,88,1,0.0664
33,20,100,-1,-0.0079
100,35,50,1,0.0128
95,57,96,1,0.0008
92,14,75,1,0.0085
33,99,33,1,0.0139
84,79,88,1,0.0487
95,64,24,1,0.0183
93,90,96,-1,-0.0225
29,57,46,1,0.0646
62,57,13,1,0.0252
77,64,26,1,0.0546
15,23,69,1,0.0015
39,88,27,1,0.0424
25,31,29,1,0.0209
43,29,43,1,0.0519
58,92,91,1,0.0406
96,17,36,1,0.0007
78,73,48,1,0.0694
48,18,55,1,0.0489
40,51,72,1,0.1095
43,82,64,1,0.0619
17,58,43,1,0.0427
97,45,70,1,0.0319
51,66,26,1,0.0538
90,23,58,1,0.0409
14,93,40,1,0.0225
34,13,59,1,0.0157
15,24,54,1,0.0038
10,74,97,-1,-0.0385
17,55,65,1,0.0654
10,18,94,-1,-0.0450
64,60,50,1,0.0878
63,33,38,1,0.0504
36,26,94,1,0.0401
25,56,84,1,0.0683
68,46,39,1,0.0740
78,86,100,-1,-0.0067
95,14,13,-1,-0.0492
97,20,39,1,0.0035
90,55,81,1,0.0526
67,52,36,1,0.0605
19,22,27,-1,-0.0096
69,40,64,1,0.0911
70,14,61,1,0.0421
97,24,98,-1,-0.0386
16,88,30,1,0.0105
32,62,10,-1,-0.0151
75,22,72,1,0.0633
95,51,79,1,0.0417
56,90,51,1,0.0740
14,39,79,1,0.0262
28,40,15,1,0.0047
52,88,67,1,0.0690
86,14,30,1,0.0120
15,34,12,-1,-0.0340
81,68,85,1,0.0686
14,51,39,1,0.0306
63,69,98,1,0.0204
10,15,88,-1,-0.0305
96,18,78,-1,-0.0079
79,49,60,1,0.0851
29,54,86,1,0.0720
50,79,21,1,0.0394
20,23,33,-1,-0.0057
90,18,49,1,0.0367
29,34,13,-1,-0.0019
78,15,80,1,0.0309
83,49,60,1,0.0715
95,65,65,1,0.0301
62,70,98,1,0.0213
30,62,60,1,0.0577
69,66,36,1,0.0529
16,75,76,1,0.0211
20,66,99,-1,-0.0291
36,59,58,1,0.0753
89,68,58,1,0.0605
11,58,82,1,0.0248
50,51,29,1,0.0638
12,57,35,1,0.0056
95,69,10,-1,-0.0245
51,96,89,1,0.0124
58,26,61,1,0.0689
33,53,27,1,0.0499
45,59,90,1,0.0805
99,87,47,1,0.0130
15,99,59,-1,-0.0250
59,36,23,1,0.0508
95,41,97,-1,-0.0243
93,69,13,1,0.0066
54,66,80,1,0.0763
77,82,61,1,0.0509
81,82,53,1,0.0548
31,61,57,1,0.0695
70,91,74,1,0.0487
69,84,97,1,0.0260
22,14,18,-1,-0.0315
67,87,99,1,0.0037
77,12,72,1,0.0342
68,52,55,1,0.1028
17,90,52,1,0.0184
71,64,58,1,0.0872
44,66,68,1,0.0766
62,86,51,1,0.0682
32,62,73,1,0.0792
72,39,25,1,0.0629
87,18,85,1,0.0219
96,69,27,1,0.0175
41,40,91,1,0.0645
88,48,95,1,0.0247
96,24,38,1,0.0091
78,47,44,1,0.0748
37,64,84,1,0.0674
87,54,89,1,0.0575
